,precision,recall,f1-score,support
0,0.9988576612293582,0.5370310157336657,0.6985109694851538,110718.0
1,0.006935699478853866,0.8403755868544601,0.013757854082201256,426.0
accuracy,0.5381936946663788,0.5381936946663788,0.5381936946663788,0.5381936946663788
macro avg,0.5028966803541061,0.6887033012940629,0.3561344117836775,111144.0
weighted avg,0.9950557577914244,0.5381936946663788,0.6958864029124044,111144.0
