False Positive Rate,True Positive Rate,ROC AUC
0.0,0.0,0.9508768387665887
0.06230882246682242,0.9640625,0.9508768387665887
1.0,1.0,0.9508768387665887
